{"N": 0, "1": 1, "\u00e0": 2, "I": 3, "A": 4, "3": 5, "\u1eac": 6, "T": 7, "\u0103": 8, "\u0102": 9, "\u1ea2": 10, "n": 11, "t": 12, "\u1ea3": 13, "9": 14, "\u1ee9": 15, "S": 16, "\u1ee7": 17, "G": 18, " ": 19, "\u00e1": 20, "\u1ee8": 21, ",": 22, "h": 23, "/": 24, "i": 25, "u": 26, "8": 27, "\u00c0": 28, "M": 29, "\u1ee6": 30, "m": 31, "c": 32, "B": 33, "U": 34, "0": 35, "2": 36, "b": 37, "\u1ead": 38, "s": 39, "4": 40, "\u01af": 41, ".": 42, "H": 43, "Y": 44, "y": 45, "\u01b0": 46, "g": 47, "a": 48, "5": 49, "C": 50, "\u00c1": 51, "6": 52, "7": 53, "<unk>": 54, "<eot>": 55}